Text,PredictedScore
"The broth was rich and flavorful, but the noodles were a little too soft for my taste.",5
I loved the spicy kick in this ramen; it warmed me up instantly.,5
"The portion size felt small, but the taste was excellent.",5
"The noodles had a great chewiness, and the broth tasted homemade.",5
"Way too salty for me, even after adding extra water.",4
The flavor packet smelled amazing and delivered a deep umami taste.,5
I didn?t enjoy the texture; the noodles turned mushy too quickly.,4
Surprisingly delicious for the price ? I?d buy it again.,5
"The spice level was perfect, not overwhelming but still exciting.",5
"The broth tasted bland, and I had to add my own seasoning.",2
The noodles cooked evenly and held their texture well.,5
I loved the aroma as soon as I opened the package.,5
"The broth was creamy and comforting, especially on a cold day.",5
"Too oily for my liking, but the flavor was decent.",4
The seasoning packet had a strong garlic taste that I enjoyed.,4
The noodles were firm and springy ? exactly how I like them.,5
The broth lacked depth and tasted artificial.,5
I added an egg and it made the ramen taste amazing.,5
The spice was overwhelming and masked the other flavors.,5
The noodles absorbed the broth well and tasted delicious.,5
The flavor was unique and unlike any ramen I?ve tried before.,5
"It tasted okay, but nothing special compared to other brands.",1
"The broth was too mild, but the noodles were great.",5
I loved the balance of savory and spicy flavors.,5
"The texture was inconsistent; some noodles were hard, others soft.",5
The broth had a smoky flavor that I really enjoyed.,5
Not enough seasoning for the amount of noodles provided.,4
The spice level was perfect and kept me wanting more.,5
The noodles clumped together and didn?t cook evenly.,2
"The broth tasted rich and comforting, like restaurant ramen.",5
The flavor was too artificial and left a strange aftertaste.,3
I enjoyed the subtle sweetness in the broth.,5
The noodles were thin but surprisingly satisfying.,5
The broth was watery and lacked complexity.,5
The seasoning packet had a great balance of flavors.,5
The noodles cooked quickly and tasted fresh.,5
"The broth was too spicy for me, but still enjoyable.",5
I loved the bold flavor and strong aroma.,4
The noodles were chewy and held up well in the broth.,5
The broth tasted flat and needed more seasoning.,5
The spice level was mild but still flavorful.,5
The noodles were too thick and didn?t absorb the broth well.,5
"The broth had a deep, savory taste that I loved.",5
The seasoning was overpowering and too salty.,4
The noodles had a great texture and cooked perfectly.,5
The broth was rich and creamy with a hint of spice.,5
The flavor was disappointing and lacked depth.,5
The noodles were light and paired well with the broth.,5
The broth had a strong umami flavor that kept me eating.,4
"The seasoning was subtle but created a pleasant, balanced taste.",4
